date,vid_id,vid_url,fps,president,width,height,file_name,vid_length
20170908,dwZdsIEIiZo,https://www.youtube.com/watch?v=dwZdsIEIiZo,24,trump,1280,720,20170908_@@@_dwZdsIEIiZo.mp4,7569
20120526,iDpOMv_kQqQ,https://www.youtube.com/watch?v=iDpOMv_kQqQ,30,obama,1280,720,20120526_@@@_iDpOMv_kQqQ.mp4,5374
20111231,tkbSON2C8_M,https://www.youtube.com/watch?v=tkbSON2C8_M,30,obama,1280,720,20111231_@@@_tkbSON2C8_M.mp4,5008
20141025,WsypI6avDEc,https://www.youtube.com/watch?v=WsypI6avDEc,30,obama,1280,720,20141025_@@@_WsypI6avDEc.mp4,8284
20130223,4ZS-vS2lmlw,https://www.youtube.com/watch?v=4ZS-vS2lmlw,30,obama,1280,720,20130223_@@@_4ZS-vS2lmlw.mp4,7233
20130309,uBWl6QglKFU,https://www.youtube.com/watch?v=uBWl6QglKFU,30,obama,1280,720,20130309_@@@_uBWl6QglKFU.mp4,6597
20180115,jCRK5vy47v8,https://www.youtube.com/watch?v=jCRK5vy47v8,24,trump,1280,720,20180115_@@@_jCRK5vy47v8.mp4,3658
20120721,4lBWtx4TuaY,https://www.youtube.com/watch?v=4lBWtx4TuaY,30,obama,1280,720,20120721_@@@_4lBWtx4TuaY.mp4,5137
20110723,1IBTGcehElI,https://www.youtube.com/watch?v=1IBTGcehElI,30,obama,1280,720,20110723_@@@_1IBTGcehElI.mp4,5476
20120825,rnXk-uPmrz8,https://www.youtube.com/watch?v=rnXk-uPmrz8,30,obama,1280,720,20120825_@@@_rnXk-uPmrz8.mp4,6483
20090911,y3YSOf6sFPM,https://www.youtube.com/watch?v=y3YSOf6sFPM,30,obama,1280,720,20090911_@@@_y3YSOf6sFPM.mp4,7832
20111124,STsr9_VvzNA,https://www.youtube.com/watch?v=STsr9_VvzNA,30,obama,1280,720,20111124_@@@_STsr9_VvzNA.mp4,5548
20101029,0nMWVQS06kI,https://www.youtube.com/watch?v=0nMWVQS06kI,30,obama,1280,720,20101029_@@@_0nMWVQS06kI.mp4,6764
20150221,u4imJdOtTC0,https://www.youtube.com/watch?v=u4imJdOtTC0,30,obama,1280,720,20150221_@@@_u4imJdOtTC0.mp4,5055
20150110,59_GYoJHCXg,https://www.youtube.com/watch?v=59_GYoJHCXg,30,obama,1280,720,20150110_@@@_59_GYoJHCXg.mp4,5908
20090404,nCjZRCPniSk,https://www.youtube.com/watch?v=nCjZRCPniSk,30,obama,1280,720,20090404_@@@_nCjZRCPniSk.mp4,8547
20140222,zYGok_gHfY0,https://www.youtube.com/watch?v=zYGok_gHfY0,30,obama,1280,720,20140222_@@@_zYGok_gHfY0.mp4,5095
20181207,2M8TuD0LYlI,https://www.youtube.com/watch?v=2M8TuD0LYlI,30,trump,1280,720,20181207_@@@_2M8TuD0LYlI.mp4,47221
20110401,V7aAH43K1X8,https://www.youtube.com/watch?v=V7aAH43K1X8,30,obama,1280,720,20110401_@@@_V7aAH43K1X8.mp4,7691
20130727,uRxHq9nLNto,https://www.youtube.com/watch?v=uRxHq9nLNto,30,obama,1280,720,20130727_@@@_uRxHq9nLNto.mp4,8469
20110107,GMvlbz5ieUo,https://www.youtube.com/watch?v=GMvlbz5ieUo,30,obama,1280,720,20110107_@@@_GMvlbz5ieUo.mp4,7896
20160116,6jlaKyvf8WA,https://www.youtube.com/watch?v=6jlaKyvf8WA,30,obama,1280,720,20160116_@@@_6jlaKyvf8WA.mp4,5193
20171231,jyQ7oRtpNGQ,https://www.youtube.com/watch?v=jyQ7oRtpNGQ,24,trump,1280,720,20171231_@@@_jyQ7oRtpNGQ.mp4,5558
20130504,LIGzDKh-6Mo,https://www.youtube.com/watch?v=LIGzDKh-6Mo,30,obama,1280,720,20130504_@@@_LIGzDKh-6Mo.mp4,5397
20150530,BLlKojPit0o,https://www.youtube.com/watch?v=BLlKojPit0o,30,obama,1280,720,20150530_@@@_BLlKojPit0o.mp4,6310
20121006,44yzgSZI-sI,https://www.youtube.com/watch?v=44yzgSZI-sI,30,obama,1280,720,20121006_@@@_44yzgSZI-sI.mp4,6642
20200815,n_H2M96B-0w,https://www.youtube.com/watch?v=n_H2M96B-0w,30,trump,1280,720,20200815_@@@_n_H2M96B-0w.mp4,59138
20131026,3o1N3ko4wPE,https://www.youtube.com/watch?v=3o1N3ko4wPE,30,obama,1280,720,20131026_@@@_3o1N3ko4wPE.mp4,8604
20130601,_zq8ilzRFFE,https://www.youtube.com/watch?v=_zq8ilzRFFE,30,obama,1280,720,20130601_@@@__zq8ilzRFFE.mp4,5223
20121103,oBAGFXWM14w,https://www.youtube.com/watch?v=oBAGFXWM14w,30,obama,1280,720,20121103_@@@_oBAGFXWM14w.mp4,6508
20210108,nCxGBU3KpHI,https://www.youtube.com/watch?v=nCxGBU3KpHI,24,trump,1280,720,20210108_@@@_nCxGBU3KpHI.mp4,3866
20200205,vjoxIPuEOoA,https://www.youtube.com/watch?v=vjoxIPuEOoA,30,trump,1280,720,20200205_@@@_vjoxIPuEOoA.mp4,141025
20190426,4_lNxsjwa_M,https://www.youtube.com/watch?v=4_lNxsjwa_M,30,trump,1280,720,20190426_@@@_4_lNxsjwa_M.mp4,13469
20150815,Ed-_KJ4fE0g,https://www.youtube.com/watch?v=Ed-_KJ4fE0g,30,obama,1280,720,20150815_@@@_Ed-_KJ4fE0g.mp4,6576
20090904,TgLnt2PBczs,https://www.youtube.com/watch?v=TgLnt2PBczs,30,obama,1280,720,20090904_@@@_TgLnt2PBczs.mp4,11292
20131128,nGiUxYBdsFA,https://www.youtube.com/watch?v=nGiUxYBdsFA,30,obama,1280,720,20131128_@@@_nGiUxYBdsFA.mp4,5322
20131109,Vd7aR5PMpuQ,https://www.youtube.com/watch?v=Vd7aR5PMpuQ,30,obama,1280,720,20131109_@@@_Vd7aR5PMpuQ.mp4,7004
20160109,WQM6VG5F3Ek,https://www.youtube.com/watch?v=WQM6VG5F3Ek,30,obama,1280,720,20160109_@@@_WQM6VG5F3Ek.mp4,5232
20130824,DAi7--S3Y5k,https://www.youtube.com/watch?v=DAi7--S3Y5k,30,obama,1280,720,20130824_@@@_DAi7--S3Y5k.mp4,4695
20130615,Dxsdp3r5Dek,https://www.youtube.com/watch?v=Dxsdp3r5Dek,30,obama,1280,720,20130615_@@@_Dxsdp3r5Dek.mp4,5868
20131012,kaIwmg7fWyI,https://www.youtube.com/watch?v=kaIwmg7fWyI,30,obama,1280,720,20131012_@@@_kaIwmg7fWyI.mp4,8088
20121229,V5_vUE9FlXk,https://www.youtube.com/watch?v=V5_vUE9FlXk,30,obama,1280,720,20121229_@@@_V5_vUE9FlXk.mp4,4851
20170325,ZGt6lkLApuo,https://www.youtube.com/watch?v=ZGt6lkLApuo,30,trump,1280,720,20170325_@@@_ZGt6lkLApuo.mp4,8523
20150606,L7QZmnvrBd0,https://www.youtube.com/watch?v=L7QZmnvrBd0,30,obama,1280,720,20150606_@@@_L7QZmnvrBd0.mp4,6758
20180616,e4UO5djAJN4,https://www.youtube.com/watch?v=e4UO5djAJN4,24,trump,1280,720,20180616_@@@_e4UO5djAJN4.mp4,5218
20130907,uCrCujWIgUY,https://www.youtube.com/watch?v=uCrCujWIgUY,30,obama,1280,720,20130907_@@@_uCrCujWIgUY.mp4,5280
20160409,CVRO4jZD5es,https://www.youtube.com/watch?v=CVRO4jZD5es,30,obama,1280,720,20160409_@@@_CVRO4jZD5es.mp4,5527
20150214,O31I7PPTxVI,https://www.youtube.com/watch?v=O31I7PPTxVI,30,obama,1280,720,20150214_@@@_O31I7PPTxVI.mp4,8266
20150523,-LhfOv1-wOQ,https://www.youtube.com/watch?v=-LhfOv1-wOQ,30,obama,1280,720,20150523_@@@_-LhfOv1-wOQ.mp4,5855
20151003,v5bKoQrFbF8,https://www.youtube.com/watch?v=v5bKoQrFbF8,30,obama,1280,720,20151003_@@@_v5bKoQrFbF8.mp4,5206
20151107,-9mSTKUWS7U,https://www.youtube.com/watch?v=-9mSTKUWS7U,30,obama,1280,720,20151107_@@@_-9mSTKUWS7U.mp4,6897
20170623,i9BiKHdl-Ek,https://www.youtube.com/watch?v=i9BiKHdl-Ek,30,trump,1280,720,20170623_@@@_i9BiKHdl-Ek.mp4,5957
20190630,EI0m7rajgAI,https://www.youtube.com/watch?v=EI0m7rajgAI,30,trump,1280,720,20190630_@@@_EI0m7rajgAI.mp4,57445
20120331,XhPjeL3GQto,https://www.youtube.com/watch?v=XhPjeL3GQto,30,obama,1280,720,20120331_@@@_XhPjeL3GQto.mp4,7670
20120121,0SaVqB0w718,https://www.youtube.com/watch?v=0SaVqB0w718,30,obama,1280,720,20120121_@@@_0SaVqB0w718.mp4,6570
20101112,PkQTOpehn58,https://www.youtube.com/watch?v=PkQTOpehn58,30,obama,1280,720,20101112_@@@_PkQTOpehn58.mp4,5863
20110903,8AXuJ6Kt138,https://www.youtube.com/watch?v=8AXuJ6Kt138,30,obama,1280,720,20110903_@@@_8AXuJ6Kt138.mp4,5454
20160430,bl8quI2z0sY,https://www.youtube.com/watch?v=bl8quI2z0sY,30,obama,1280,720,20160430_@@@_bl8quI2z0sY.mp4,6094
20100731,8Cv9O3ENW2c,https://www.youtube.com/watch?v=8Cv9O3ENW2c,30,obama,1280,720,20100731_@@@_8Cv9O3ENW2c.mp4,9916
20160319,e80jnW_TtGs,https://www.youtube.com/watch?v=e80jnW_TtGs,30,obama,1280,720,20160319_@@@_e80jnW_TtGs.mp4,7563
20230929,_E8NpjpTxd8,https://www.youtube.com/watch?v=_E8NpjpTxd8,30,trump,1280,720,20230929_@@@__E8NpjpTxd8.mp4,167950
20190626,eP20JsFvpnY,https://www.youtube.com/watch?v=eP20JsFvpnY,30,trump,1280,720,20190626_@@@_eP20JsFvpnY.mp4,16247
20160206,RyP1hpw_eIY,https://www.youtube.com/watch?v=RyP1hpw_eIY,30,obama,1280,720,20160206_@@@_RyP1hpw_eIY.mp4,5360
20160416,k4OZOTaf3lk,https://www.youtube.com/watch?v=k4OZOTaf3lk,30,obama,1280,720,20160416_@@@_k4OZOTaf3lk.mp4,5990
20110827,M3VP--sfNBY,https://www.youtube.com/watch?v=M3VP--sfNBY,30,obama,1280,720,20110827_@@@_M3VP--sfNBY.mp4,6108
20151031,jDWAlrtjLuU,https://www.youtube.com/watch?v=jDWAlrtjLuU,30,obama,1280,720,20151031_@@@_jDWAlrtjLuU.mp4,5687
20160220,nHREBzHqFTQ,https://www.youtube.com/watch?v=nHREBzHqFTQ,30,obama,1280,720,20160220_@@@_nHREBzHqFTQ.mp4,6420
20170602,LXo3uyAS13A,https://www.youtube.com/watch?v=LXo3uyAS13A,30,trump,1280,720,20170602_@@@_LXo3uyAS13A.mp4,6719
20150404,k3q_MImfRIg,https://www.youtube.com/watch?v=k3q_MImfRIg,30,obama,1280,720,20150404_@@@_k3q_MImfRIg.mp4,6501
20150328,s7YiDYb71jo,https://www.youtube.com/watch?v=s7YiDYb71jo,30,obama,1280,720,20150328_@@@_s7YiDYb71jo.mp4,5155
20170714,za-pQSM_988,https://www.youtube.com/watch?v=za-pQSM_988,24,trump,1280,720,20170714_@@@_za-pQSM_988.mp4,6688
20110430,OIc83PWSBF4,https://www.youtube.com/watch?v=OIc83PWSBF4,30,obama,1280,720,20110430_@@@_OIc83PWSBF4.mp4,5990
20111022,fUcB1bUBhwk,https://www.youtube.com/watch?v=fUcB1bUBhwk,30,obama,1280,720,20111022_@@@_fUcB1bUBhwk.mp4,5689
20150704,dRVurkBuDJQ,https://www.youtube.com/watch?v=dRVurkBuDJQ,30,obama,1280,720,20150704_@@@_dRVurkBuDJQ.mp4,4764
20170217,F0rpawGF1mU,https://www.youtube.com/watch?v=F0rpawGF1mU,30,trump,1280,720,20170217_@@@_F0rpawGF1mU.mp4,5953
20150718,6vZPUMC4Xy8,https://www.youtube.com/watch?v=6vZPUMC4Xy8,30,obama,1280,720,20150718_@@@_6vZPUMC4Xy8.mp4,8292
20150905,KpKBemsAJHM,https://www.youtube.com/watch?v=KpKBemsAJHM,30,obama,1280,720,20150905_@@@_KpKBemsAJHM.mp4,6520
20101008,Hkrnzu15RpY,https://www.youtube.com/watch?v=Hkrnzu15RpY,30,obama,1280,720,20101008_@@@_Hkrnzu15RpY.mp4,7383
20120414,9yiay9qgqPU,https://www.youtube.com/watch?v=9yiay9qgqPU,30,obama,1280,720,20120414_@@@_9yiay9qgqPU.mp4,7648
20130105,TVF8e5AuY10,https://www.youtube.com/watch?v=TVF8e5AuY10,30,obama,1280,720,20130105_@@@_TVF8e5AuY10.mp4,6690
20150207,T7So7aSe33c,https://www.youtube.com/watch?v=T7So7aSe33c,30,obama,1280,720,20150207_@@@_T7So7aSe33c.mp4,5896
20140208,y0WKSUGCkFM,https://www.youtube.com/watch?v=y0WKSUGCkFM,30,obama,1280,720,20140208_@@@_y0WKSUGCkFM.mp4,6081
20140405,dBek8h5tGMU,https://www.youtube.com/watch?v=dBek8h5tGMU,30,obama,1280,720,20140405_@@@_dBek8h5tGMU.mp4,5488
20160326,oNzub_Z4E4c,https://www.youtube.com/watch?v=oNzub_Z4E4c,30,obama,1280,720,20160326_@@@_oNzub_Z4E4c.mp4,7262
20120901,zGNIHWydb9Q,https://www.youtube.com/watch?v=zGNIHWydb9Q,30,obama,1280,720,20120901_@@@_zGNIHWydb9Q.mp4,5862
20130928,MBTIKJHRIFU,https://www.youtube.com/watch?v=MBTIKJHRIFU,30,obama,1280,720,20130928_@@@_MBTIKJHRIFU.mp4,10104
20110115,SsIpoKulIAw,https://www.youtube.com/watch?v=SsIpoKulIAw,30,obama,1280,720,20110115_@@@_SsIpoKulIAw.mp4,4454
20120204,k1_NtyxClu0,https://www.youtube.com/watch?v=k1_NtyxClu0,30,obama,1280,720,20120204_@@@_k1_NtyxClu0.mp4,7047
20110820,vIiZOTCwhNY,https://www.youtube.com/watch?v=vIiZOTCwhNY,30,obama,1280,720,20110820_@@@_vIiZOTCwhNY.mp4,7201
20200318,IRNCFxsXMh0,https://www.youtube.com/watch?v=IRNCFxsXMh0,30,trump,1280,720,20200318_@@@_IRNCFxsXMh0.mp4,1800
20230720,jieTlkwNKco,https://www.youtube.com/watch?v=jieTlkwNKco,24,trump,1280,720,20230720_@@@_jieTlkwNKco.mp4,4365
20180211,qaD1c3CVeLQ,https://www.youtube.com/watch?v=qaD1c3CVeLQ,30,trump,1280,720,20180211_@@@_qaD1c3CVeLQ.mp4,4596
20140927,0T_Jv4Kbgek,https://www.youtube.com/watch?v=0T_Jv4Kbgek,30,obama,1280,720,20140927_@@@_0T_Jv4Kbgek.mp4,5137
20170216,W5FRUM-AK9k,https://www.youtube.com/watch?v=W5FRUM-AK9k,30,trump,1280,720,20170216_@@@_W5FRUM-AK9k.mp4,140046
20170210,Am1DfjmGcvc,https://www.youtube.com/watch?v=Am1DfjmGcvc,30,trump,1280,720,20170210_@@@_Am1DfjmGcvc.mp4,6063
20240127,89qqsGmrSP0,https://www.youtube.com/watch?v=89qqsGmrSP0,30,trump,1280,720,20240127_@@@_89qqsGmrSP0.mp4,144756
20191017,WDjo-9w4DAM,https://www.youtube.com/watch?v=WDjo-9w4DAM,30,trump,1280,720,20191017_@@@_WDjo-9w4DAM.mp4,18259
20120128,J6NopOWj5dg,https://www.youtube.com/watch?v=J6NopOWj5dg,30,obama,1280,720,20120128_@@@_J6NopOWj5dg.mp4,6140
20171108,ZWj4diFsKAY,https://www.youtube.com/watch?v=ZWj4diFsKAY,30,trump,1280,720,20171108_@@@_ZWj4diFsKAY.mp4,61769
20121201,QCwaFaBx-9A,https://www.youtube.com/watch?v=QCwaFaBx-9A,30,obama,640,360,20121201_@@@_QCwaFaBx-9A.mp4,5607
20131123,cW0YCOAygCc,https://www.youtube.com/watch?v=cW0YCOAygCc,30,obama,1280,720,20131123_@@@_cW0YCOAygCc.mp4,5811
20190819,BfUvZJLIqhk,https://www.youtube.com/watch?v=BfUvZJLIqhk,30,trump,1280,720,20190819_@@@_BfUvZJLIqhk.mp4,65276
20160305,OXyYA0WEK9I,https://www.youtube.com/watch?v=OXyYA0WEK9I,30,obama,1280,720,20160305_@@@_OXyYA0WEK9I.mp4,6313
20110604,QV1Nzv_46UQ,https://www.youtube.com/watch?v=QV1Nzv_46UQ,30,obama,1280,720,20110604_@@@_QV1Nzv_46UQ.mp4,7174
20100716,ZIWn65JKMCs,https://www.youtube.com/watch?v=ZIWn65JKMCs,30,obama,1280,720,20100716_@@@_ZIWn65JKMCs.mp4,9193
20120407,Qig0DYKJo3U,https://www.youtube.com/watch?v=Qig0DYKJo3U,30,obama,1280,720,20120407_@@@_Qig0DYKJo3U.mp4,4075
20190626,dyAwWyGrMjg,https://www.youtube.com/watch?v=dyAwWyGrMjg,30,trump,1280,720,20190626_@@@_dyAwWyGrMjg.mp4,114794
20200910,Fjwmssidlbo,https://www.youtube.com/watch?v=Fjwmssidlbo,30,trump,1280,720,20200910_@@@_Fjwmssidlbo.mp4,55830
20120714,bYDp4iWH8S8,https://www.youtube.com/watch?v=bYDp4iWH8S8,30,obama,1280,720,20120714_@@@_bYDp4iWH8S8.mp4,7198
20100625,pSN2uuuqrsI,https://www.youtube.com/watch?v=pSN2uuuqrsI,30,obama,1280,720,20100625_@@@_pSN2uuuqrsI.mp4,5845
20120218,kwLW08DJaL8,https://www.youtube.com/watch?v=kwLW08DJaL8,30,obama,1280,720,20120218_@@@_kwLW08DJaL8.mp4,7917
20170915,-bZOvsdFldU,https://www.youtube.com/watch?v=-bZOvsdFldU,24,trump,1280,720,20170915_@@@_-bZOvsdFldU.mp4,4790
20180223,ixS9QoPs35M,https://www.youtube.com/watch?v=ixS9QoPs35M,30,trump,1280,720,20180223_@@@_ixS9QoPs35M.mp4,133660
20111001,R8-8pTldXUM,https://www.youtube.com/watch?v=R8-8pTldXUM,30,obama,1280,720,20111001_@@@_R8-8pTldXUM.mp4,7633
20140809,x_czB1K1ogk,https://www.youtube.com/watch?v=x_czB1K1ogk,30,obama,1280,720,20140809_@@@_x_czB1K1ogk.mp4,5878
20170407,qGWTBdInLfk,https://www.youtube.com/watch?v=qGWTBdInLfk,30,trump,1280,720,20170407_@@@_qGWTBdInLfk.mp4,6607
20180407,l5LwnDv9SuQ,https://www.youtube.com/watch?v=l5LwnDv9SuQ,24,trump,1280,720,20180407_@@@_l5LwnDv9SuQ.mp4,4903
20150613,o7PsmznMhHU,https://www.youtube.com/watch?v=o7PsmznMhHU,30,obama,1280,720,20150613_@@@_o7PsmznMhHU.mp4,6687
20140322,6faxWuvBoiU,https://www.youtube.com/watch?v=6faxWuvBoiU,30,obama,1280,720,20140322_@@@_6faxWuvBoiU.mp4,5536
20150912,Tpaj9Sm7i7I,https://www.youtube.com/watch?v=Tpaj9Sm7i7I,30,obama,1280,720,20150912_@@@_Tpaj9Sm7i7I.mp4,7097
20191121,bC3MFeITrTE,https://www.youtube.com/watch?v=bC3MFeITrTE,30,trump,1280,720,20191121_@@@_bC3MFeITrTE.mp4,46281
20121215,q1cBaKbWUgU,https://www.youtube.com/watch?v=q1cBaKbWUgU,30,obama,1280,720,20121215_@@@_q1cBaKbWUgU.mp4,3882
20191004,pulelfDl5V4,https://www.youtube.com/watch?v=pulelfDl5V4,30,trump,1280,720,20191004_@@@_pulelfDl5V4.mp4,42069
20101022,rKrQR11iOb0,https://www.youtube.com/watch?v=rKrQR11iOb0,30,obama,1280,720,20101022_@@@_rKrQR11iOb0.mp4,6358
20110924,pAdWbOtJYX4,https://www.youtube.com/watch?v=pAdWbOtJYX4,30,obama,1280,720,20110924_@@@_pAdWbOtJYX4.mp4,9055
20130119,u35CyK7m1l8,https://www.youtube.com/watch?v=u35CyK7m1l8,30,obama,1280,720,20130119_@@@_u35CyK7m1l8.mp4,7830
20110611,Ixe6ldw7aHA,https://www.youtube.com/watch?v=Ixe6ldw7aHA,30,obama,1280,720,20110611_@@@_Ixe6ldw7aHA.mp4,5470
20120707,Nek_J14uMGI,https://www.youtube.com/watch?v=Nek_J14uMGI,30,obama,1280,720,20120707_@@@_Nek_J14uMGI.mp4,4892
20141011,4GdSn-W6mMg,https://www.youtube.com/watch?v=4GdSn-W6mMg,30,obama,1280,720,20141011_@@@_4GdSn-W6mMg.mp4,5992
20110409,Hu9ZCgfypZw,https://www.youtube.com/watch?v=Hu9ZCgfypZw,30,obama,1280,720,20110409_@@@_Hu9ZCgfypZw.mp4,4360
20121020,u2ZydUXdLUo,https://www.youtube.com/watch?v=u2ZydUXdLUo,30,obama,1280,720,20121020_@@@_u2ZydUXdLUo.mp4,6375
20090307,kV_D6avFtdo,https://www.youtube.com/watch?v=kV_D6avFtdo,30,obama,1280,720,20090307_@@@_kV_D6avFtdo.mp4,9519
20180927,wsJRIBCqAVE,https://www.youtube.com/watch?v=wsJRIBCqAVE,30,trump,1280,720,20180927_@@@_wsJRIBCqAVE.mp4,147002
20101120,_lDOE8wtLcU,https://www.youtube.com/watch?v=_lDOE8wtLcU,30,obama,1280,720,20101120_@@@__lDOE8wtLcU.mp4,8379
20171123,iQE1ZFWJMcM,https://www.youtube.com/watch?v=iQE1ZFWJMcM,24,trump,1280,720,20171123_@@@_iQE1ZFWJMcM.mp4,5658
20150508,ZsA_JWdVz9Q,https://www.youtube.com/watch?v=ZsA_JWdVz9Q,30,obama,1280,720,20150508_@@@_ZsA_JWdVz9Q.mp4,7548
20230413,BOnTi_tLwtQ,https://www.youtube.com/watch?v=BOnTi_tLwtQ,24,trump,1280,720,20230413_@@@_BOnTi_tLwtQ.mp4,4451
20130323,GpdoHwhhCf0,https://www.youtube.com/watch?v=GpdoHwhhCf0,30,obama,1280,720,20130323_@@@_GpdoHwhhCf0.mp4,5550
20150627,proxBhvbNDA,https://www.youtube.com/watch?v=proxBhvbNDA,30,obama,1280,720,20150627_@@@_proxBhvbNDA.mp4,5710
20160213,hKcgN1vWzp8,https://www.youtube.com/watch?v=hKcgN1vWzp8,30,obama,1280,720,20160213_@@@_hKcgN1vWzp8.mp4,5670
20140719,0ya67V3zZWU,https://www.youtube.com/watch?v=0ya67V3zZWU,30,obama,1280,720,20140719_@@@_0ya67V3zZWU.mp4,5410
20140308,JYv78x66_E4,https://www.youtube.com/watch?v=JYv78x66_E4,30,obama,1280,720,20140308_@@@_JYv78x66_E4.mp4,4945
20110226,t-gBtuMJPLE,https://www.youtube.com/watch?v=t-gBtuMJPLE,30,obama,1280,720,20110226_@@@_t-gBtuMJPLE.mp4,7736
20090814,a6BcRlMstmU,https://www.youtube.com/watch?v=a6BcRlMstmU,30,obama,1280,720,20090814_@@@_a6BcRlMstmU.mp4,12781
20120512,RO5cpFw-ChU,https://www.youtube.com/watch?v=RO5cpFw-ChU,30,obama,1280,720,20120512_@@@_RO5cpFw-ChU.mp4,6312
20150620,5nxF5yFJt1U,https://www.youtube.com/watch?v=5nxF5yFJt1U,30,obama,1280,720,20150620_@@@_5nxF5yFJt1U.mp4,5021
20180330,zrcrcrYWRn0,https://www.youtube.com/watch?v=zrcrcrYWRn0,24,trump,1280,720,20180330_@@@_zrcrcrYWRn0.mp4,2052
20170303,k_qVjMYpl9o,https://www.youtube.com/watch?v=k_qVjMYpl9o,30,trump,1280,720,20170303_@@@_k_qVjMYpl9o.mp4,7686
20100819,6cKIPvfvxKo,https://www.youtube.com/watch?v=6cKIPvfvxKo,30,obama,1280,720,20100819_@@@_6cKIPvfvxKo.mp4,6740
20230419,ISTu6JRtJTI,https://www.youtube.com/watch?v=ISTu6JRtJTI,24,trump,1280,720,20230419_@@@_ISTu6JRtJTI.mp4,5205
20140607,eLk77gMOPhY,https://www.youtube.com/watch?v=eLk77gMOPhY,30,obama,1280,720,20140607_@@@_eLk77gMOPhY.mp4,5263
20170804,5ju-Qxg7dMY,https://www.youtube.com/watch?v=5ju-Qxg7dMY,24,trump,1280,720,20170804_@@@_5ju-Qxg7dMY.mp4,4483
20130803,jAdESg4Ptc8,https://www.youtube.com/watch?v=jAdESg4Ptc8,30,obama,1280,720,20130803_@@@_jAdESg4Ptc8.mp4,7233
20150314,umXgNpiPzxs,https://www.youtube.com/watch?v=umXgNpiPzxs,30,obama,1280,720,20150314_@@@_umXgNpiPzxs.mp4,5901
20140524,eDDOX--6kFI,https://www.youtube.com/watch?v=eDDOX--6kFI,30,obama,1280,720,20140524_@@@_eDDOX--6kFI.mp4,5905
20120421,_TcVs9wnZlo,https://www.youtube.com/watch?v=_TcVs9wnZlo,30,obama,1280,720,20120421_@@@__TcVs9wnZlo.mp4,6466
20110415,88QAcmcxMxU,https://www.youtube.com/watch?v=88QAcmcxMxU,30,obama,1280,720,20110415_@@@_88QAcmcxMxU.mp4,8031
20130921,-my9hVoGv2M,https://www.youtube.com/watch?v=-my9hVoGv2M,30,obama,1280,720,20130921_@@@_-my9hVoGv2M.mp4,9162
20131019,l76zFLXW268,https://www.youtube.com/watch?v=l76zFLXW268,30,obama,1280,720,20131019_@@@_l76zFLXW268.mp4,6492
20101223,Vpr99sYQd4Y,https://www.youtube.com/watch?v=Vpr99sYQd4Y,30,obama,1280,720,20101223_@@@_Vpr99sYQd4Y.mp4,5382
20160402,N0L4UP3AUQo,https://www.youtube.com/watch?v=N0L4UP3AUQo,30,obama,1280,720,20160402_@@@_N0L4UP3AUQo.mp4,5986
20140614,EMyqZ8lGgXY,https://www.youtube.com/watch?v=EMyqZ8lGgXY,30,obama,1280,720,20140614_@@@_EMyqZ8lGgXY.mp4,5989
20120428,fVCsb7r1-vY,https://www.youtube.com/watch?v=fVCsb7r1-vY,30,obama,1280,720,20120428_@@@_fVCsb7r1-vY.mp4,5190
20110204,xqZ7xSVc0yo,https://www.youtube.com/watch?v=xqZ7xSVc0yo,30,obama,1280,720,20110204_@@@_xqZ7xSVc0yo.mp4,6945
20230907,1jvTXgyQon4,https://www.youtube.com/watch?v=1jvTXgyQon4,30,trump,1280,720,20230907_@@@_1jvTXgyQon4.mp4,10498
20170421,0qo0WTXMH8U,https://www.youtube.com/watch?v=0qo0WTXMH8U,30,trump,1280,720,20170421_@@@_0qo0WTXMH8U.mp4,6286
20090724,a61gCsuWq4Q,https://www.youtube.com/watch?v=a61gCsuWq4Q,30,obama,1280,720,20090724_@@@_a61gCsuWq4Q.mp4,9811
20140201,7XL0tfJn6QI,https://www.youtube.com/watch?v=7XL0tfJn6QI,30,obama,1280,720,20140201_@@@_7XL0tfJn6QI.mp4,4629
20151017,BiWEbp06G2I,https://www.youtube.com/watch?v=BiWEbp06G2I,30,obama,1280,720,20151017_@@@_BiWEbp06G2I.mp4,6738
20181108,LO2IoiT63Pg,https://www.youtube.com/watch?v=LO2IoiT63Pg,30,trump,1280,720,20181108_@@@_LO2IoiT63Pg.mp4,155662
20140531,li1aHjjqh3w,https://www.youtube.com/watch?v=li1aHjjqh3w,30,obama,1280,720,20140531_@@@_li1aHjjqh3w.mp4,11551
20230606,LEgOuF_SD4k,https://www.youtube.com/watch?v=LEgOuF_SD4k,24,trump,1280,720,20230606_@@@_LEgOuF_SD4k.mp4,3113
20130302,L_efi36YL4s,https://www.youtube.com/watch?v=L_efi36YL4s,30,obama,1280,720,20130302_@@@_L_efi36YL4s.mp4,7179
20150502,PbJTZC0Gh5E,https://www.youtube.com/watch?v=PbJTZC0Gh5E,30,obama,1280,720,20150502_@@@_PbJTZC0Gh5E.mp4,4125
20150124,EAZIHIiuhrc,https://www.youtube.com/watch?v=EAZIHIiuhrc,30,obama,1280,720,20150124_@@@_EAZIHIiuhrc.mp4,5716
20090314,WjX0iJU3vtY,https://www.youtube.com/watch?v=WjX0iJU3vtY,30,obama,1280,720,20090314_@@@_WjX0iJU3vtY.mp4,10265
20200312,6a1Mdq8-_wo,https://www.youtube.com/watch?v=6a1Mdq8-_wo,30,trump,1280,720,20200312_@@@_6a1Mdq8-_wo.mp4,17130
20180623,0Xoqwsd15BQ,https://www.youtube.com/watch?v=0Xoqwsd15BQ,24,trump,1280,720,20180623_@@@_0Xoqwsd15BQ.mp4,3725
20160312,e6xiQzQWyB0,https://www.youtube.com/watch?v=e6xiQzQWyB0,30,obama,1280,720,20160312_@@@_e6xiQzQWyB0.mp4,5648
20100703,3s1OP5eqWKY,https://www.youtube.com/watch?v=3s1OP5eqWKY,30,obama,1280,720,20100703_@@@_3s1OP5eqWKY.mp4,9098
20231023,6JI__Rn7KCY,https://www.youtube.com/watch?v=6JI__Rn7KCY,30,trump,1280,720,20231023_@@@_6JI__Rn7KCY.mp4,514952
20230620,cm9YBvDX7ME,https://www.youtube.com/watch?v=cm9YBvDX7ME,24,trump,1280,720,20230620_@@@_cm9YBvDX7ME.mp4,6699
20170414,5-HAAlJebkY,https://www.youtube.com/watch?v=5-HAAlJebkY,30,trump,1280,720,20170414_@@@_5-HAAlJebkY.mp4,6305
20090321,vIPUrZuLlCQ,https://www.youtube.com/watch?v=vIPUrZuLlCQ,30,obama,1280,720,20090321_@@@_vIPUrZuLlCQ.mp4,9517
20181122,mUZFDnrJqVk,https://www.youtube.com/watch?v=mUZFDnrJqVk,30,trump,1280,720,20181122_@@@_mUZFDnrJqVk.mp4,96803
20210119,6h5_d3DUdR4,https://www.youtube.com/watch?v=6h5_d3DUdR4,24,trump,1280,720,20210119_@@@_6h5_d3DUdR4.mp4,28467
20110702,V1fA9-SryzY,https://www.youtube.com/watch?v=V1fA9-SryzY,30,obama,1280,720,20110702_@@@_V1fA9-SryzY.mp4,6659
20130831,1nhg-cH2AO4,https://www.youtube.com/watch?v=1nhg-cH2AO4,30,obama,1280,720,20130831_@@@_1nhg-cH2AO4.mp4,5007
20230622,WIcoXT6MPjU,https://www.youtube.com/watch?v=WIcoXT6MPjU,24,trump,1280,720,20230622_@@@_WIcoXT6MPjU.mp4,3694
20140621,OkksjpxV1q0,https://www.youtube.com/watch?v=OkksjpxV1q0,30,obama,1280,720,20140621_@@@_OkksjpxV1q0.mp4,7672
20100723,cseoWNtVe5U,https://www.youtube.com/watch?v=cseoWNtVe5U,30,obama,1280,720,20100723_@@@_cseoWNtVe5U.mp4,8488
20170616,X1AyUyKHpC0,https://www.youtube.com/watch?v=X1AyUyKHpC0,30,trump,1280,720,20170616_@@@_X1AyUyKHpC0.mp4,8393
20240303,HGgpKBQQ_sw,https://www.youtube.com/watch?v=HGgpKBQQ_sw,30,trump,1280,720,20240303_@@@_HGgpKBQQ_sw.mp4,164768
20190904,ysLQSsc4qkU,https://www.youtube.com/watch?v=ysLQSsc4qkU,30,trump,1280,720,20190904_@@@_ysLQSsc4qkU.mp4,48702
20120107,eHBw57gbwVw,https://www.youtube.com/watch?v=eHBw57gbwVw,30,obama,1280,720,20120107_@@@_eHBw57gbwVw.mp4,4973
20090124,RDfpd8GV9dI,https://www.youtube.com/watch?v=RDfpd8GV9dI,30,obama,1280,720,20090124_@@@_RDfpd8GV9dI.mp4,9103
20140215,NhLBRRP-jPs,https://www.youtube.com/watch?v=NhLBRRP-jPs,30,obama,1280,720,20140215_@@@_NhLBRRP-jPs.mp4,6073
20160101,Nn26qIcp9zQ,https://www.youtube.com/watch?v=Nn26qIcp9zQ,30,obama,1280,720,20160101_@@@_Nn26qIcp9zQ.mp4,7420
20130810,_Lm6l2vaF5o,https://www.youtube.com/watch?v=_Lm6l2vaF5o,30,obama,1280,720,20130810_@@@__Lm6l2vaF5o.mp4,5415
20130420,4H5ocEjhkYw,https://www.youtube.com/watch?v=4H5ocEjhkYw,30,obama,1280,720,20130420_@@@_4H5ocEjhkYw.mp4,4782
20140118,ubWStqYqn7s,https://www.youtube.com/watch?v=ubWStqYqn7s,30,obama,1280,720,20140118_@@@_ubWStqYqn7s.mp4,4379
20110514,3ZIERqHK780,https://www.youtube.com/watch?v=3ZIERqHK780,30,obama,1280,720,20110514_@@@_3ZIERqHK780.mp4,7226
20150926,VvyJcjExoFo,https://www.youtube.com/watch?v=VvyJcjExoFo,30,obama,1280,720,20150926_@@@_VvyJcjExoFo.mp4,7522
20110422,h5nPCaKPKyk,https://www.youtube.com/watch?v=h5nPCaKPKyk,30,obama,1280,720,20110422_@@@_h5nPCaKPKyk.mp4,7385
20191112,8kRmKRbuIOI,https://www.youtube.com/watch?v=8kRmKRbuIOI,30,trump,1280,720,20191112_@@@_8kRmKRbuIOI.mp4,103458
20120602,xz3pR8S26g4,https://www.youtube.com/watch?v=xz3pR8S26g4,30,obama,1280,720,20120602_@@@_xz3pR8S26g4.mp4,9826
20140412,Dt46A8dvRSs,https://www.youtube.com/watch?v=Dt46A8dvRSs,30,obama,1280,720,20140412_@@@_Dt46A8dvRSs.mp4,5788
20230530,LHV4bHdqir0,https://www.youtube.com/watch?v=LHV4bHdqir0,24,trump,1280,720,20230530_@@@_LHV4bHdqir0.mp4,5278
20120519,6qylcsQjLTA,https://www.youtube.com/watch?v=6qylcsQjLTA,30,obama,1280,720,20120519_@@@_6qylcsQjLTA.mp4,7718
20120505,8nIFExKIhLA,https://www.youtube.com/watch?v=8nIFExKIhLA,30,obama,1280,720,20120505_@@@_8nIFExKIhLA.mp4,7719
20150822,dTuk7wJ7H08,https://www.youtube.com/watch?v=dTuk7wJ7H08,30,obama,1280,720,20150822_@@@_dTuk7wJ7H08.mp4,5927
20130914,jPG5I_f1cAY,https://www.youtube.com/watch?v=jPG5I_f1cAY,30,obama,1280,720,20130914_@@@_jPG5I_f1cAY.mp4,5759
20120324,0_9ue3Tx8Jk,https://www.youtube.com/watch?v=0_9ue3Tx8Jk,30,obama,1280,720,20120324_@@@_0_9ue3Tx8Jk.mp4,7626
20200811,HBMwA9xpz8Y,https://www.youtube.com/watch?v=HBMwA9xpz8Y,30,trump,1280,720,20200811_@@@_HBMwA9xpz8Y.mp4,97652
20101125,RhQyfZngVAY,https://www.youtube.com/watch?v=RhQyfZngVAY,30,obama,1280,720,20101125_@@@_RhQyfZngVAY.mp4,7588
20101105,r7hXFxw925M,https://www.youtube.com/watch?v=r7hXFxw925M,30,obama,1280,720,20101105_@@@_r7hXFxw925M.mp4,6715
20140823,41iHdxy7Kmg,https://www.youtube.com/watch?v=41iHdxy7Kmg,30,obama,1280,720,20140823_@@@_41iHdxy7Kmg.mp4,5863
20170825,BqaB1oiabJY,https://www.youtube.com/watch?v=BqaB1oiabJY,24,trump,1280,720,20170825_@@@_BqaB1oiabJY.mp4,3763
20170707,PBN0G6PsQvI,https://www.youtube.com/watch?v=PBN0G6PsQvI,24,trump,1280,720,20170707_@@@_PBN0G6PsQvI.mp4,4182
20170728,RIdsG8aN4Tc,https://www.youtube.com/watch?v=RIdsG8aN4Tc,24,trump,1280,720,20170728_@@@_RIdsG8aN4Tc.mp4,4143
20120915,qnxYIhFfH-4,https://www.youtube.com/watch?v=qnxYIhFfH-4,30,obama,1280,720,20120915_@@@_qnxYIhFfH-4.mp4,6384
20140816,O6nr6JQYONM,https://www.youtube.com/watch?v=O6nr6JQYONM,30,obama,1280,720,20140816_@@@_O6nr6JQYONM.mp4,6940
20190830,RvJo8W-ipHg,https://www.youtube.com/watch?v=RvJo8W-ipHg,24,trump,1280,720,20190830_@@@_RvJo8W-ipHg.mp4,2157
20171203,UnMNe9P1V_8,https://www.youtube.com/watch?v=UnMNe9P1V_8,24,trump,1280,720,20171203_@@@_UnMNe9P1V_8.mp4,2487
20101015,Ppi7KJsSnnE,https://www.youtube.com/watch?v=Ppi7KJsSnnE,30,obama,1280,720,20101015_@@@_Ppi7KJsSnnE.mp4,6505
20110910,CtSHDC-bsu4,https://www.youtube.com/watch?v=CtSHDC-bsu4,30,obama,1280,720,20110910_@@@_CtSHDC-bsu4.mp4,7133
20170901,NkBMPajaBxw,https://www.youtube.com/watch?v=NkBMPajaBxw,24,trump,1280,720,20170901_@@@_NkBMPajaBxw.mp4,4574
20141101,6tJLAsHfyMY,https://www.youtube.com/watch?v=6tJLAsHfyMY,30,obama,1280,720,20141101_@@@_6tJLAsHfyMY.mp4,6322
20150307,l8n96bmJUWQ,https://www.youtube.com/watch?v=l8n96bmJUWQ,30,obama,1280,720,20150307_@@@_l8n96bmJUWQ.mp4,5876
20130622,7OfAaI8cQmA,https://www.youtube.com/watch?v=7OfAaI8cQmA,30,obama,1280,720,20130622_@@@_7OfAaI8cQmA.mp4,5691
20230725,l5yVXu3NP4Y,https://www.youtube.com/watch?v=l5yVXu3NP4Y,24,trump,1280,720,20230725_@@@_l5yVXu3NP4Y.mp4,2859
20130406,qfJd5jpVuls,https://www.youtube.com/watch?v=qfJd5jpVuls,30,obama,1280,720,20130406_@@@_qfJd5jpVuls.mp4,8946
20171006,OnEAL4SOsFc,https://www.youtube.com/watch?v=OnEAL4SOsFc,24,trump,1280,720,20171006_@@@_OnEAL4SOsFc.mp4,3485
20100917,ed-QPZspdQ0,https://www.youtube.com/watch?v=ed-QPZspdQ0,30,obama,1280,720,20100917_@@@_ed-QPZspdQ0.mp4,6605
20150131,bupE4OonRlk,https://www.youtube.com/watch?v=bupE4OonRlk,30,obama,1280,720,20150131_@@@_bupE4OonRlk.mp4,5356
20230621,UbX9kXMNtqI,https://www.youtube.com/watch?v=UbX9kXMNtqI,24,trump,1280,720,20230621_@@@_UbX9kXMNtqI.mp4,4081
20140104,gT9SB_aY5nA,https://www.youtube.com/watch?v=gT9SB_aY5nA,30,obama,1280,720,20140104_@@@_gT9SB_aY5nA.mp4,5937
20100102,94RRh9qZGYc,https://www.youtube.com/watch?v=94RRh9qZGYc,30,obama,1280,720,20100102_@@@_94RRh9qZGYc.mp4,8691
20120303,OBj_vPAOs78,https://www.youtube.com/watch?v=OBj_vPAOs78,30,obama,1280,720,20120303_@@@_OBj_vPAOs78.mp4,7595
20140315,HGqFQxEtX5k,https://www.youtube.com/watch?v=HGqFQxEtX5k,30,obama,1280,720,20140315_@@@_HGqFQxEtX5k.mp4,5145
20090612,6j12NRuH4gM,https://www.youtube.com/watch?v=6j12NRuH4gM,30,obama,1280,720,20090612_@@@_6j12NRuH4gM.mp4,8670
20100611,MWooyMTB_7k,https://www.youtube.com/watch?v=MWooyMTB_7k,30,obama,1280,720,20100611_@@@_MWooyMTB_7k.mp4,5484
20160123,HrmmBvxtdms,https://www.youtube.com/watch?v=HrmmBvxtdms,30,obama,1280,720,20160123_@@@_HrmmBvxtdms.mp4,6038
20150418,_csblV1PJ4o,https://www.youtube.com/watch?v=_csblV1PJ4o,30,obama,1280,720,20150418_@@@__csblV1PJ4o.mp4,5938
20160130,8sthaV8ddJ4,https://www.youtube.com/watch?v=8sthaV8ddJ4,30,obama,1280,720,20160130_@@@_8sthaV8ddJ4.mp4,6998
20090710,AN3R6zIt9dQ,https://www.youtube.com/watch?v=AN3R6zIt9dQ,30,obama,1280,720,20090710_@@@_AN3R6zIt9dQ.mp4,14295
20100903,YMQFtwhteZ8,https://www.youtube.com/watch?v=YMQFtwhteZ8,30,obama,1280,720,20100903_@@@_YMQFtwhteZ8.mp4,7584
20120609,gBtM9Rkni2k,https://www.youtube.com/watch?v=gBtM9Rkni2k,30,obama,1280,720,20120609_@@@_gBtM9Rkni2k.mp4,5536
20170428,u7oOmkXYznU,https://www.youtube.com/watch?v=u7oOmkXYznU,24,trump,1280,720,20170428_@@@_u7oOmkXYznU.mp4,6016
20150425,RN4pfxOtdxk,https://www.youtube.com/watch?v=RN4pfxOtdxk,30,obama,1280,720,20150425_@@@_RN4pfxOtdxk.mp4,6395
20130525,cR_1aYkYfDo,https://www.youtube.com/watch?v=cR_1aYkYfDo,30,obama,1280,720,20130525_@@@_cR_1aYkYfDo.mp4,7017
20130713,CeRaS_uE8N0,https://www.youtube.com/watch?v=CeRaS_uE8N0,30,obama,1280,720,20130713_@@@_CeRaS_uE8N0.mp4,7044
20141213,LrKs6b0rJuE,https://www.youtube.com/watch?v=LrKs6b0rJuE,30,obama,1280,720,20141213_@@@_LrKs6b0rJuE.mp4,5464
20100710,RmBspL-KI24,https://www.youtube.com/watch?v=RmBspL-KI24,30,obama,1280,720,20100710_@@@_RmBspL-KI24.mp4,7967
20130202,7P_3WDJe5QY,https://www.youtube.com/watch?v=7P_3WDJe5QY,30,obama,1280,720,20130202_@@@_7P_3WDJe5QY.mp4,5202
20200728,mnaYpmk8l1c,https://www.youtube.com/watch?v=mnaYpmk8l1c,30,trump,1280,720,20200728_@@@_mnaYpmk8l1c.mp4,47385
20090821,ityPz0IML1Y,https://www.youtube.com/watch?v=ityPz0IML1Y,30,obama,1280,720,20090821_@@@_ityPz0IML1Y.mp4,11792
20180131,XuJhzY87NhA,https://www.youtube.com/watch?v=XuJhzY87NhA,30,trump,1280,720,20180131_@@@_XuJhzY87NhA.mp4,144833
20170721,g13CnihlioY,https://www.youtube.com/watch?v=g13CnihlioY,24,trump,1280,720,20170721_@@@_g13CnihlioY.mp4,6252
20141108,HYXhnj2TD_Y,https://www.youtube.com/watch?v=HYXhnj2TD_Y,30,obama,1280,720,20141108_@@@_HYXhnj2TD_Y.mp4,6829
20140419,hTd1_oEol44,https://www.youtube.com/watch?v=hTd1_oEol44,30,obama,1280,720,20140419_@@@_hTd1_oEol44.mp4,4399
20170310,VaNZ4Gm1ylM,https://www.youtube.com/watch?v=VaNZ4Gm1ylM,30,trump,1280,720,20170310_@@@_VaNZ4Gm1ylM.mp4,8486
20180413,J3a7WWtwClQ,https://www.youtube.com/watch?v=J3a7WWtwClQ,24,trump,1280,720,20180413_@@@_J3a7WWtwClQ.mp4,4128
20101211,VTenRLSNPug,https://www.youtube.com/watch?v=VTenRLSNPug,30,obama,1280,720,20101211_@@@_VTenRLSNPug.mp4,8849
20170505,BrCl3pb7F5I,https://www.youtube.com/watch?v=BrCl3pb7F5I,30,trump,1280,720,20170505_@@@_BrCl3pb7F5I.mp4,8554
20170519,pQSxHIItrpI,https://www.youtube.com/watch?v=pQSxHIItrpI,30,trump,1280,720,20170519_@@@_pQSxHIItrpI.mp4,5522
20100806,Y4TUDX0gek0,https://www.youtube.com/watch?v=Y4TUDX0gek0,30,obama,1280,720,20100806_@@@_Y4TUDX0gek0.mp4,6192
20110507,IEEfmbIhC2g,https://www.youtube.com/watch?v=IEEfmbIhC2g,30,obama,1280,720,20110507_@@@_IEEfmbIhC2g.mp4,7051
20120623,jV-PL7Wt754,https://www.youtube.com/watch?v=jV-PL7Wt754,30,obama,1280,720,20120623_@@@_jV-PL7Wt754.mp4,5733
20140726,qMd4GHT7XRc,https://www.youtube.com/watch?v=qMd4GHT7XRc,30,obama,1280,720,20140726_@@@_qMd4GHT7XRc.mp4,5725
20200917,cAsUh4B19b0,https://www.youtube.com/watch?v=cAsUh4B19b0,30,trump,1280,720,20200917_@@@_cAsUh4B19b0.mp4,106139
20230601,CKTaX7KsOls,https://www.youtube.com/watch?v=CKTaX7KsOls,24,trump,1280,720,20230601_@@@_CKTaX7KsOls.mp4,5912
20170512,ErQakpa2L-U,https://www.youtube.com/watch?v=ErQakpa2L-U,30,trump,1280,720,20170512_@@@_ErQakpa2L-U.mp4,6986
20110326,j2S2J4jXATk,https://www.youtube.com/watch?v=j2S2J4jXATk,30,obama,1280,720,20110326_@@@_j2S2J4jXATk.mp4,7622
20141127,mnilkdlOrBI,https://www.youtube.com/watch?v=mnilkdlOrBI,30,obama,1280,720,20141127_@@@_mnilkdlOrBI.mp4,5680
20180513,tkqD49HsFAw,https://www.youtube.com/watch?v=tkqD49HsFAw,24,trump,1280,720,20180513_@@@_tkqD49HsFAw.mp4,1904
20170630,0ewCRiVq-Eg,https://www.youtube.com/watch?v=0ewCRiVq-Eg,24,trump,1280,720,20170630_@@@_0ewCRiVq-Eg.mp4,4742
20111029,Ywgtctz2Jqg,https://www.youtube.com/watch?v=Ywgtctz2Jqg,30,obama,1280,720,20111029_@@@_Ywgtctz2Jqg.mp4,6855
20191023,h_mL8YI0Nt0,https://www.youtube.com/watch?v=h_mL8YI0Nt0,30,trump,1280,720,20191023_@@@_h_mL8YI0Nt0.mp4,112911
20100827,0tEHBVzZY4E,https://www.youtube.com/watch?v=0tEHBVzZY4E,30,obama,1280,720,20100827_@@@_0tEHBVzZY4E.mp4,9757
20171216,CJcmL2eWlag,https://www.youtube.com/watch?v=CJcmL2eWlag,30,trump,1280,720,20171216_@@@_CJcmL2eWlag.mp4,5414
20131102,8L5n2Mn2zsM,https://www.youtube.com/watch?v=8L5n2Mn2zsM,30,obama,1280,720,20131102_@@@_8L5n2Mn2zsM.mp4,8121
20141206,lp02L6Opojw,https://www.youtube.com/watch?v=lp02L6Opojw,30,obama,1280,720,20141206_@@@_lp02L6Opojw.mp4,5299
20151024,MzrC2nzNy70,https://www.youtube.com/watch?v=MzrC2nzNy70,30,obama,1280,720,20151024_@@@_MzrC2nzNy70.mp4,6076
20120728,LP2bfIdrGi8,https://www.youtube.com/watch?v=LP2bfIdrGi8,30,obama,1280,720,20120728_@@@_LP2bfIdrGi8.mp4,5581
20140830,lflHi1N-PPU,https://www.youtube.com/watch?v=lflHi1N-PPU,30,obama,1280,720,20140830_@@@_lflHi1N-PPU.mp4,7480
20130427,mox4InKEwgU,https://www.youtube.com/watch?v=mox4InKEwgU,30,obama,1280,720,20130427_@@@_mox4InKEwgU.mp4,5523
20230720,utH2MLRcIMk,https://www.youtube.com/watch?v=utH2MLRcIMk,24,trump,1280,720,20230720_@@@_utH2MLRcIMk.mp4,6588
20110212,LIEh5m65J2c,https://www.youtube.com/watch?v=LIEh5m65J2c,30,obama,1280,720,20110212_@@@_LIEh5m65J2c.mp4,7468
20090918,hq8XowRpQRI,https://www.youtube.com/watch?v=hq8XowRpQRI,30,obama,1280,720,20090918_@@@_hq8XowRpQRI.mp4,8933
20110917,NTdqip5TC-s,https://www.youtube.com/watch?v=NTdqip5TC-s,30,obama,1280,720,20110917_@@@_NTdqip5TC-s.mp4,5439
20111210,FDa3Gmq36wM,https://www.youtube.com/watch?v=FDa3Gmq36wM,30,obama,1280,720,20111210_@@@_FDa3Gmq36wM.mp4,6597
20230414,v0CioCdYa3E,https://www.youtube.com/watch?v=v0CioCdYa3E,24,trump,1280,720,20230414_@@@_v0CioCdYa3E.mp4,4706
20200723,C5LZrgYN2eA,https://www.youtube.com/watch?v=C5LZrgYN2eA,30,trump,1280,720,20200723_@@@_C5LZrgYN2eA.mp4,56637
20200505,ku_0c2HluHU,https://www.youtube.com/watch?v=ku_0c2HluHU,30,trump,1280,720,20200505_@@@_ku_0c2HluHU.mp4,6857
20150711,0lSLIhXrs1Y,https://www.youtube.com/watch?v=0lSLIhXrs1Y,30,obama,1280,720,20150711_@@@_0lSLIhXrs1Y.mp4,5670
20230721,Ed8IFzahCEM,https://www.youtube.com/watch?v=Ed8IFzahCEM,24,trump,1280,720,20230721_@@@_Ed8IFzahCEM.mp4,4897
20170202,c1OeUXQ2k8c,https://www.youtube.com/watch?v=c1OeUXQ2k8c,30,trump,1280,720,20170202_@@@_c1OeUXQ2k8c.mp4,35154
20200412,h0i6jDQCOEs,https://www.youtube.com/watch?v=h0i6jDQCOEs,24,trump,1280,720,20200412_@@@_h0i6jDQCOEs.mp4,1156
20120908,YbRBp9XvErU,https://www.youtube.com/watch?v=YbRBp9XvErU,30,obama,1280,720,20120908_@@@_YbRBp9XvErU.mp4,6867
20110806,3tUZg1Mp1ZM,https://www.youtube.com/watch?v=3tUZg1Mp1ZM,30,obama,1280,720,20110806_@@@_3tUZg1Mp1ZM.mp4,6882
20121117,8ux3xSOtuto,https://www.youtube.com/watch?v=8ux3xSOtuto,30,obama,1280,720,20121117_@@@_8ux3xSOtuto.mp4,6216
20110716,9GkKDhkM-hw,https://www.youtube.com/watch?v=9GkKDhkM-hw,30,obama,1280,720,20110716_@@@_9GkKDhkM-hw.mp4,7478
20160507,2AFpAATHXtc,https://www.youtube.com/watch?v=2AFpAATHXtc,30,obama,1280,720,20160507_@@@_2AFpAATHXtc.mp4,5294
20190630,s9m8poPSMMo,https://www.youtube.com/watch?v=s9m8poPSMMo,30,trump,1280,720,20190630_@@@_s9m8poPSMMo.mp4,39013
20130216,yTohsPYblis,https://www.youtube.com/watch?v=yTohsPYblis,30,obama,1280,720,20130216_@@@_yTohsPYblis.mp4,8082
20110625,lLKuNd4RmTU,https://www.youtube.com/watch?v=lLKuNd4RmTU,30,obama,1280,720,20110625_@@@_lLKuNd4RmTU.mp4,6441
20120922,75J37LsthCg,https://www.youtube.com/watch?v=75J37LsthCg,30,obama,1280,720,20120922_@@@_75J37LsthCg.mp4,5778
20110129,n5xQK3DSN8Y,https://www.youtube.com/watch?v=n5xQK3DSN8Y,30,obama,1280,720,20110129_@@@_n5xQK3DSN8Y.mp4,6359
20170225,42HH45leldI,https://www.youtube.com/watch?v=42HH45leldI,30,trump,1280,720,20170225_@@@_42HH45leldI.mp4,7123
20151205,cHyB8fLiEMs,https://www.youtube.com/watch?v=cHyB8fLiEMs,30,obama,1280,720,20151205_@@@_cHyB8fLiEMs.mp4,6939
20141115,sUISNPfXxrA,https://www.youtube.com/watch?v=sUISNPfXxrA,30,obama,1280,720,20141115_@@@_sUISNPfXxrA.mp4,5872
20151114,VWc_aHqaPeE,https://www.youtube.com/watch?v=VWc_aHqaPeE,30,obama,1280,720,20151114_@@@_VWc_aHqaPeE.mp4,5964
20131214,S0hUOWC_WAc,https://www.youtube.com/watch?v=S0hUOWC_WAc,30,obama,1280,720,20131214_@@@_S0hUOWC_WAc.mp4,5466
20090731,PHW_zx11ZP4,https://www.youtube.com/watch?v=PHW_zx11ZP4,30,obama,1280,720,20090731_@@@_PHW_zx11ZP4.mp4,9267
20130316,mJZY3oqQnMI,https://www.youtube.com/watch?v=mJZY3oqQnMI,30,obama,1280,720,20130316_@@@_mJZY3oqQnMI.mp4,6495
20121122,Y2zT4-lTIXc,https://www.youtube.com/watch?v=Y2zT4-lTIXc,30,obama,1280,720,20121122_@@@_Y2zT4-lTIXc.mp4,6696
20120811,LRWZuIk7w1k,https://www.youtube.com/watch?v=LRWZuIk7w1k,30,obama,1280,720,20120811_@@@_LRWZuIk7w1k.mp4,6183
20110618,736bOQTEKAU,https://www.youtube.com/watch?v=736bOQTEKAU,30,obama,1280,720,20110618_@@@_736bOQTEKAU.mp4,8036
20230913,tscgWCBbeao,https://www.youtube.com/watch?v=tscgWCBbeao,30,trump,1280,720,20230913_@@@_tscgWCBbeao.mp4,7540
20140628,3vPdtajOJfw,https://www.youtube.com/watch?v=3vPdtajOJfw,30,obama,1280,720,20140628_@@@_3vPdtajOJfw.mp4,6919
20111015,4CgvaKnGV-g,https://www.youtube.com/watch?v=4CgvaKnGV-g,30,obama,1280,720,20111015_@@@_4CgvaKnGV-g.mp4,6690
20130608,MD8QsXSl06w,https://www.youtube.com/watch?v=MD8QsXSl06w,30,obama,1280,720,20130608_@@@_MD8QsXSl06w.mp4,8187
20120818,ndkUaQ5HsBk,https://www.youtube.com/watch?v=ndkUaQ5HsBk,30,obama,1280,720,20120818_@@@_ndkUaQ5HsBk.mp4,6582
20140426,25GOnaY8ZCY,https://www.youtube.com/watch?v=25GOnaY8ZCY,30,obama,1280,720,20140426_@@@_25GOnaY8ZCY.mp4,7093
20100618,ktWiD6Jl9zs,https://www.youtube.com/watch?v=ktWiD6Jl9zs,30,obama,1280,720,20100618_@@@_ktWiD6Jl9zs.mp4,7904
20170609,zLj0IGLlvk8,https://www.youtube.com/watch?v=zLj0IGLlvk8,30,trump,1280,720,20170609_@@@_zLj0IGLlvk8.mp4,5866
20150321,C7-gEWgIAa4,https://www.youtube.com/watch?v=C7-gEWgIAa4,30,obama,1280,720,20150321_@@@_C7-gEWgIAa4.mp4,5355
20131116,0bB0Cv4Oz0I,https://www.youtube.com/watch?v=0bB0Cv4Oz0I,30,obama,1280,720,20131116_@@@_0bB0Cv4Oz0I.mp4,5067
20110521,HNWyp9TPVYI,https://www.youtube.com/watch?v=HNWyp9TPVYI,30,obama,1280,720,20110521_@@@_HNWyp9TPVYI.mp4,5903
20110305,xZkpIsA-F0g,https://www.youtube.com/watch?v=xZkpIsA-F0g,30,obama,1280,720,20110305_@@@_xZkpIsA-F0g.mp4,7107
20140517,t3nHuFV0Dfk,https://www.youtube.com/watch?v=t3nHuFV0Dfk,30,obama,1280,720,20140517_@@@_t3nHuFV0Dfk.mp4,8137
20150228,BsMUv6-FxPg,https://www.youtube.com/watch?v=BsMUv6-FxPg,30,obama,1280,720,20150228_@@@_BsMUv6-FxPg.mp4,6194
20120225,TIrH_CPSQyY,https://www.youtube.com/watch?v=TIrH_CPSQyY,30,obama,1280,720,20120225_@@@_TIrH_CPSQyY.mp4,8440
20130330,gUmvsyQp3Fc,https://www.youtube.com/watch?v=gUmvsyQp3Fc,30,obama,1280,720,20130330_@@@_gUmvsyQp3Fc.mp4,3855
20100605,i2yQJ5VCHA0,https://www.youtube.com/watch?v=i2yQJ5VCHA0,30,obama,1280,720,20100605_@@@_i2yQJ5VCHA0.mp4,9988
20140301,hEQJSvmyfys,https://www.youtube.com/watch?v=hEQJSvmyfys,30,obama,1280,720,20140301_@@@_hEQJSvmyfys.mp4,5686
20110813,seIZB6qQEWY,https://www.youtube.com/watch?v=seIZB6qQEWY,30,obama,1280,720,20110813_@@@_seIZB6qQEWY.mp4,7226
20120929,Eh4f3it89BU,https://www.youtube.com/watch?v=Eh4f3it89BU,30,obama,1280,720,20120929_@@@_Eh4f3it89BU.mp4,7011
20111119,6oMI_ZScflU,https://www.youtube.com/watch?v=6oMI_ZScflU,30,obama,1280,720,20111119_@@@_6oMI_ZScflU.mp4,5932
20151010,eJ8fZfKlF0A,https://www.youtube.com/watch?v=eJ8fZfKlF0A,30,obama,1280,720,20151010_@@@_eJ8fZfKlF0A.mp4,9120
20131221,HkYvHfJzM60,https://www.youtube.com/watch?v=HkYvHfJzM60,30,obama,1280,720,20131221_@@@_HkYvHfJzM60.mp4,4878
20121013,tTJP1APPxJk,https://www.youtube.com/watch?v=tTJP1APPxJk,30,obama,1280,720,20121013_@@@_tTJP1APPxJk.mp4,5433
20140111,aHoVTL7UNJo,https://www.youtube.com/watch?v=aHoVTL7UNJo,30,obama,1280,720,20140111_@@@_aHoVTL7UNJo.mp4,7182
20111112,--QxAtXZJpQ,https://www.youtube.com/watch?v=--QxAtXZJpQ,30,obama,1280,720,20111112_@@@_--QxAtXZJpQ.mp4,6793
20170331,l_f5gtYOHhM,https://www.youtube.com/watch?v=l_f5gtYOHhM,30,trump,1280,720,20170331_@@@_l_f5gtYOHhM.mp4,5826
20190708,Z0sQ4BhsjHA,https://www.youtube.com/watch?v=Z0sQ4BhsjHA,30,trump,1280,720,20190708_@@@_Z0sQ4BhsjHA.mp4,16786
20150117,CkA43Csz6tY,https://www.youtube.com/watch?v=CkA43Csz6tY,30,obama,1280,720,20150117_@@@_CkA43Csz6tY.mp4,5272
20130720,TLGaYNyOyd8,https://www.youtube.com/watch?v=TLGaYNyOyd8,30,obama,1280,720,20130720_@@@_TLGaYNyOyd8.mp4,6291
20130629,ySxPJesNfII,https://www.youtube.com/watch?v=ySxPJesNfII,30,obama,1280,720,20130629_@@@_ySxPJesNfII.mp4,7647
20130518,-ZJvRzOdSCw,https://www.youtube.com/watch?v=-ZJvRzOdSCw,30,obama,1280,720,20130518_@@@_-ZJvRzOdSCw.mp4,5841
20141004,K0EcrO0DYd0,https://www.youtube.com/watch?v=K0EcrO0DYd0,30,obama,1280,720,20141004_@@@_K0EcrO0DYd0.mp4,5632
20120310,5Sg-gDGl7Jw,https://www.youtube.com/watch?v=5Sg-gDGl7Jw,30,obama,1280,720,20120310_@@@_5Sg-gDGl7Jw.mp4,8919
20130209,baNxM5TWEds,https://www.youtube.com/watch?v=baNxM5TWEds,30,obama,1280,720,20130209_@@@_baNxM5TWEds.mp4,7758
20110122,TOPY1A2U12Q,https://www.youtube.com/watch?v=TOPY1A2U12Q,30,obama,1280,720,20110122_@@@_TOPY1A2U12Q.mp4,6363
20141220,SIQkG3wAHLU,https://www.youtube.com/watch?v=SIQkG3wAHLU,30,obama,1280,720,20141220_@@@_SIQkG3wAHLU.mp4,6418
20141018,7u08u8GA_rg,https://www.youtube.com/watch?v=7u08u8GA_rg,30,obama,1280,720,20141018_@@@_7u08u8GA_rg.mp4,8221
20110709,RgV3L75fBF8,https://www.youtube.com/watch?v=RgV3L75fBF8,30,obama,1280,720,20110709_@@@_RgV3L75fBF8.mp4,6154
20200824,eunqLLUWgMw,https://www.youtube.com/watch?v=eunqLLUWgMw,30,trump,1280,720,20200824_@@@_eunqLLUWgMw.mp4,93769
20101218,8qu4uGHFIL8,https://www.youtube.com/watch?v=8qu4uGHFIL8,30,obama,1280,720,20101218_@@@_8qu4uGHFIL8.mp4,8137
20180712,0ixazvcS0FU,https://www.youtube.com/watch?v=0ixazvcS0FU,30,trump,1280,720,20180712_@@@_0ixazvcS0FU.mp4,64245
20170929,98drMIow4Rg,https://www.youtube.com/watch?v=98drMIow4Rg,24,trump,1280,720,20170929_@@@_98drMIow4Rg.mp4,7308
20111203,y3D-TaSp6Gw,https://www.youtube.com/watch?v=y3D-TaSp6Gw,30,obama,1280,720,20111203_@@@_y3D-TaSp6Gw.mp4,4438
20150516,dIU9jMwAQe8,https://www.youtube.com/watch?v=dIU9jMwAQe8,30,obama,1280,720,20150516_@@@_dIU9jMwAQe8.mp4,6205
20130817,iXpbDmiGq-s,https://www.youtube.com/watch?v=iXpbDmiGq-s,30,obama,1280,720,20130817_@@@_iXpbDmiGq-s.mp4,7109
20150829,sFLTjqVS7AE,https://www.youtube.com/watch?v=sFLTjqVS7AE,30,obama,1280,720,20150829_@@@_sFLTjqVS7AE.mp4,8102
20100814,390CWyYkH3M,https://www.youtube.com/watch?v=390CWyYkH3M,30,obama,1280,720,20100814_@@@_390CWyYkH3M.mp4,5864
20180331,wIZo0rqJCVo,https://www.youtube.com/watch?v=wIZo0rqJCVo,24,trump,1280,720,20180331_@@@_wIZo0rqJCVo.mp4,3886
20150919,du3B4VM_QS8,https://www.youtube.com/watch?v=du3B4VM_QS8,30,obama,1280,720,20150919_@@@_du3B4VM_QS8.mp4,5805
20151212,uwoXppkTnng,https://www.youtube.com/watch?v=uwoXppkTnng,30,obama,1280,720,20151212_@@@_uwoXppkTnng.mp4,7834
20180602,hONabIzdapo,https://www.youtube.com/watch?v=hONabIzdapo,24,trump,1280,720,20180602_@@@_hONabIzdapo.mp4,3401
20140125,ZCL4nFJ3Y1Q,https://www.youtube.com/watch?v=ZCL4nFJ3Y1Q,30,obama,1280,720,20140125_@@@_ZCL4nFJ3Y1Q.mp4,6585
20140920,k9FyXQ9RUxg,https://www.youtube.com/watch?v=k9FyXQ9RUxg,30,obama,1280,720,20140920_@@@_k9FyXQ9RUxg.mp4,6013
20090807,lGdbKEr29I0,https://www.youtube.com/watch?v=lGdbKEr29I0,30,obama,1280,720,20090807_@@@_lGdbKEr29I0.mp4,10747
20141122,E3gfMumXCjI,https://www.youtube.com/watch?v=E3gfMumXCjI,30,obama,1280,720,20141122_@@@_E3gfMumXCjI.mp4,6562
20121208,2ztuKikAkvs,https://www.youtube.com/watch?v=2ztuKikAkvs,30,obama,1280,720,20121208_@@@_2ztuKikAkvs.mp4,6387
20110312,OmN64cwmsKw,https://www.youtube.com/watch?v=OmN64cwmsKw,30,obama,1280,720,20110312_@@@_OmN64cwmsKw.mp4,7668
20120114,7PNDCZjH758,https://www.youtube.com/watch?v=7PNDCZjH758,30,obama,1280,720,20120114_@@@_7PNDCZjH758.mp4,6433
20100910,ijh2dTg8Vi0,https://www.youtube.com/watch?v=ijh2dTg8Vi0,30,obama,1280,720,20100910_@@@_ijh2dTg8Vi0.mp4,7150
20090828,lSPTxoPoWQA,https://www.youtube.com/watch?v=lSPTxoPoWQA,30,obama,1280,720,20090828_@@@_lSPTxoPoWQA.mp4,8894
20170318,NMoL-fZK64A,https://www.youtube.com/watch?v=NMoL-fZK64A,30,trump,1280,720,20170318_@@@_NMoL-fZK64A.mp4,6807
20150808,3ddq3xJPr3I,https://www.youtube.com/watch?v=3ddq3xJPr3I,30,obama,1280,720,20150808_@@@_3ddq3xJPr3I.mp4,5150
20121027,6KVDE1FHcvI,https://www.youtube.com/watch?v=6KVDE1FHcvI,30,obama,1280,720,20121027_@@@_6KVDE1FHcvI.mp4,7411
20150801,llnLpJS6uEI,https://www.youtube.com/watch?v=llnLpJS6uEI,30,obama,1280,720,20150801_@@@_llnLpJS6uEI.mp4,6631
20131207,uW-oUy3kDhA,https://www.youtube.com/watch?v=uW-oUy3kDhA,30,obama,1280,720,20131207_@@@_uW-oUy3kDhA.mp4,6825
20130126,5lRS4D9VcpI,https://www.youtube.com/watch?v=5lRS4D9VcpI,30,obama,1280,720,20130126_@@@_5lRS4D9VcpI.mp4,5122
20171209,pfVIIMtcDWw,https://www.youtube.com/watch?v=pfVIIMtcDWw,24,trump,1280,720,20171209_@@@_pfVIIMtcDWw.mp4,3851
20100924,5dgLNgHQ5yI,https://www.youtube.com/watch?v=5dgLNgHQ5yI,30,obama,1280,720,20100924_@@@_5dgLNgHQ5yI.mp4,7914
20140913,S1RpbOou4fU,https://www.youtube.com/watch?v=S1RpbOou4fU,30,obama,1280,720,20140913_@@@_S1RpbOou4fU.mp4,7270
20120211,YJRbEqYORl4,https://www.youtube.com/watch?v=YJRbEqYORl4,30,obama,1280,720,20120211_@@@_YJRbEqYORl4.mp4,4901
20150725,K5rmgUonkk0,https://www.youtube.com/watch?v=K5rmgUonkk0,30,obama,1280,720,20150725_@@@_K5rmgUonkk0.mp4,7469
20140503,MwRTZcrHwHQ,https://www.youtube.com/watch?v=MwRTZcrHwHQ,30,obama,1280,720,20140503_@@@_MwRTZcrHwHQ.mp4,5932
20131005,aEIE_-PjSIE,https://www.youtube.com/watch?v=aEIE_-PjSIE,30,obama,1280,720,20131005_@@@_aEIE_-PjSIE.mp4,8202
20101001,oRxpwFfWD2c,https://www.youtube.com/watch?v=oRxpwFfWD2c,30,obama,1280,720,20101001_@@@_oRxpwFfWD2c.mp4,7369
20090605,8g18BZnMgCY,https://www.youtube.com/watch?v=8g18BZnMgCY,30,obama,1280,720,20090605_@@@_8g18BZnMgCY.mp4,8753
20110730,x_jj2ru91sU,https://www.youtube.com/watch?v=x_jj2ru91sU,30,obama,1280,720,20110730_@@@_x_jj2ru91sU.mp4,7140
20130704,Baw3teVZmSw,https://www.youtube.com/watch?v=Baw3teVZmSw,30,obama,1280,720,20130704_@@@_Baw3teVZmSw.mp4,5130
20240225,1oKP_zi0XCY,https://www.youtube.com/watch?v=1oKP_zi0XCY,30,trump,1280,720,20240225_@@@_1oKP_zi0XCY.mp4,155552
20160722,hSvRt5e1ARI,https://www.youtube.com/watch?v=hSvRt5e1ARI,30,trump,1280,720,20160722_@@@_hSvRt5e1ARI.mp4,135700
20180310,cezI_IN0YI0,https://www.youtube.com/watch?v=cezI_IN0YI0,24,trump,1280,720,20180310_@@@_cezI_IN0YI0.mp4,4484
20140712,zcze04zLVaU,https://www.youtube.com/watch?v=zcze04zLVaU,30,obama,1280,720,20140712_@@@_zcze04zLVaU.mp4,7393
20210113,hDNiNdsPHNA,https://www.youtube.com/watch?v=hDNiNdsPHNA,24,trump,1280,720,20210113_@@@_hDNiNdsPHNA.mp4,7504
20150616,apjNfkysjbM,https://www.youtube.com/watch?v=apjNfkysjbM,30,trump,1280,720,20150616_@@@_apjNfkysjbM.mp4,84859
20111217,tLROudTL_0E,https://www.youtube.com/watch?v=tLROudTL_0E,30,obama,1280,720,20111217_@@@_tLROudTL_0E.mp4,6246
20201212,_1cJNlPQYf0,https://www.youtube.com/watch?v=_1cJNlPQYf0,24,trump,1280,720,20201212_@@@__1cJNlPQYf0.mp4,4670
20170601,VcM4-re7yBA,https://www.youtube.com/watch?v=VcM4-re7yBA,30,trump,1280,720,20170601_@@@_VcM4-re7yBA.mp4,50183
20120616,vQyllaM6dro,https://www.youtube.com/watch?v=vQyllaM6dro,30,obama,1280,720,20120616_@@@_vQyllaM6dro.mp4,7403
20180427,sbOOibsEUrM,https://www.youtube.com/watch?v=sbOOibsEUrM,24,trump,1280,720,20180427_@@@_sbOOibsEUrM.mp4,4885
20130112,jrax-OJZrs0,https://www.youtube.com/watch?v=jrax-OJZrs0,30,obama,1280,720,20130112_@@@_jrax-OJZrs0.mp4,4866
20170922,JxT-bNAEKpY,https://www.youtube.com/watch?v=JxT-bNAEKpY,24,trump,1280,720,20170922_@@@_JxT-bNAEKpY.mp4,4418
20111008,QH2_8W9GuHc,https://www.youtube.com/watch?v=QH2_8W9GuHc,30,obama,1280,720,20111008_@@@_QH2_8W9GuHc.mp4,6976
20140704,d-VaUaTF3_k,https://www.youtube.com/watch?v=d-VaUaTF3_k,30,obama,1280,720,20140704_@@@_d-VaUaTF3_k.mp4,4513
20170526,TwlMN8_0y-w,https://www.youtube.com/watch?v=TwlMN8_0y-w,30,trump,1280,720,20170526_@@@_TwlMN8_0y-w.mp4,4809
20151126,wY4u7F2ujNQ,https://www.youtube.com/watch?v=wY4u7F2ujNQ,30,obama,1280,720,20151126_@@@_wY4u7F2ujNQ.mp4,6762
